{"current":{"color_text":"#000000","color_body_text":"#000000","color_sale_text":"#7796a8","color_borders":"#e8e9eb","color_button":"#ff267c","color_button_text":"#ffffff","color_small_button":"#fff","color_small_button_text":"#000000","color_text_field":"#fff","color_text_field_text":"#000","color_image_overlay_text":"#fff","color_image_overlay":"#3d4246","image_overlay_opacity":25,"color_body_bg":"#fff","type_header_family":"Google_Work+Sans_600_sans","type_header_base_size":"26px","type_base_family":"Google_Work+Sans_400_sans","type_base_size":"16px","type_bold_product_titles":false,"share_image":"","share_facebook":true,"share_twitter":true,"share_pinterest":true,"social_twitter_link":"https:\/\/twitter.com\/shopify","social_facebook_link":"https:\/\/facebook.com\/shopify","social_pinterest_link":"https:\/\/pinterest.com\/shopify","social_linkdin_link":"https:\/\/linkdin.com\/shopify","social_instagram_link":"","social_tumblr_link":"","social_snapchat_link":"","social_youtube_link":"","social_vimeo_link":"","favicon":"","show_multiple_currencies":true,"currency_format":"money_with_currency_format","supported_currencies":"INR GBP CAD USD AUD EUR JPY","default_currency":"USD","checkout_header_image":"","checkout_logo_image":"shopify:\/\/shop_images\/logo.png","checkout_logo_position":"left","checkout_logo_size":"medium","checkout_body_background_image":"","checkout_body_background_color":"#000000","checkout_input_background_color_mode":"transparent","checkout_sidebar_background_image":"","checkout_sidebar_background_color":"#fafafa","checkout_heading_font":"Helvetica Neue","checkout_body_font":"Helvetica Neue","checkout_accent_color":"#ff267c","checkout_button_color":"#ff267c","checkout_error_color":"#ff6d6d","sections":{"header":{"type":"header","settings":{"align_logo":"left","logo":"shopify:\/\/shop_images\/logo.png","logo_max_width":"","main_linklist":"main-menu","message":true,"home_page_only":true,"message_text":"SPECIAL OFFER! TODAY ONLY - GET 20% OFF JUMPERS, CARDIGANS, HOODIES + SWEATSHIRTS. SHOP NOW >>","message_link":"shopify:\/\/collections\/all","color_bg":"#ff267c","color_text":"#ffffff"}},"featured-collections":{"type":"collection","settings":{"title":"Featured collection","collection":"frontpage","grid":4,"rows":2,"show_vendor":false,"show_view_all":false}},"footer":{"type":"footer","settings":{"footer_linklist":"footer","footer_linklist_two":"","footer_newsletter_enable":false,"show_payment_icons":false}},"1516609863272":{"type":"slider","blocks":{"1516609863272-0":{"type":"image","settings":{"image":"shopify:\/\/shop_images\/slide-1.jpg","title-1":"SPECIAL OFFER","title-2":"DRESSES","subtitle":"40% OFF","subheading":"Lorem ipsum dolor sit amet conse ctetur adipisicing elit, sed do eiusmod tempor incididunt ut labore et dolore magna aliqua. Ut enim ad minim veniam, quis nostrud exercitati.","link":"shopify:\/\/collections\/dresses"}},"1516609863272-1":{"type":"image","settings":{"image":"shopify:\/\/shop_images\/slide-2.jpg","title-1":"SPECIAL OFFER","title-2":"DRESSES","subtitle":"40% OFF","subheading":"Lorem ipsum dolor sit amet conse ctetur adipisicing elit, sed do eiusmod tempor incididunt ut labore et dolore magna aliqua. Ut enim ad minim veniam, quis nostrud exercitati.","link":"shopify:\/\/collections\/dresses"}}},"block_order":["1516609863272-0","1516609863272-1"],"settings":{"autoplay":true,"autoplay_speed":"5000"}},"footer-custom":{"type":"footer-custom","blocks":{"1516612367987":{"type":"text","settings":{"icon":"shopify:\/\/shop_images\/service-icon-1.png","footer_section_title":"+3(800) 2345-6789","footer_section_text":"Round-the-clock free hotline (24\/7)"}},"1516612416324":{"type":"text","settings":{"icon":"shopify:\/\/shop_images\/service-icon-2.png","footer_section_title":"FREE SHIPPING","footer_section_text":"We provide you with fast and free delivery regardless of the product size and value."}},"1516612442768":{"type":"text","settings":{"icon":"shopify:\/\/shop_images\/service-icon-3.png","footer_section_title":"RETURN & EXCHANGE","footer_section_text":"You can return or exchange the item within 14 days."}}},"block_order":["1516612367987","1516612416324","1516612442768"],"settings":{"footer_newsletter_enable":true,"news_title":"join our mailing list","footer_linklist":"footer","footer_linklist_two":"my-account","footer_linklist_three":"help","contact_address":"3637 W. Alabama, #100 Houston, TX 77027","contact_phone_number":"(713) 627 - 3700","contact_email":"Infos@Prettydollrock.com","show_payment_icons":true}},"1516619028734":{"type":"promotion","settings":{"image-1":"shopify:\/\/shop_images\/promo-1.jpg","title-1":"<span>Empire<\/span> <b> <span class=\"clr-1\"> Silver <\/span> <span> and <\/span> <span class=\"clr-2\"> gold <\/span> <\/b>","subtitle-1":"New Arrival","text-1":"<p>CutOut Lace Up Sandals<\/p>","button_label-1":"Shop Now","button_link-1":"shopify:\/\/collections\/new-arrivals","image-2":"shopify:\/\/shop_images\/promo-2.jpg","title-2":"50%<span>OFF<\/span>","subtitle-2":"ACCESSORIES","button_label-2":"Shop now","button_link-2":"shopify:\/\/collections\/accessories"}},"1516620552823":{"type":"feature-columns","blocks":{"1516620552823-0":{"type":"text_block","settings":{"enable_image":true,"image":"shopify:\/\/shop_images\/features-icon-1.png","title":"Great Fashion With Best Prices","text":"<p>Are you looking for spring, summer or fall fashion? On a look out for a trendy club wear for the ladies night out, or a hot dress to wear on a date? Do you have a special occasion to attend to<\/p>","button_label":"Learn More","button_link":"#"}},"1516620552823-1":{"type":"text_block","settings":{"enable_image":true,"image":"shopify:\/\/shop_images\/features-icon-2.png","title":"Fresh Designer Looks","text":"<p>Are you looking for spring, summer or fall fashion? On a look out for a trendy club wear for the ladies night out, or a hot dress to wear on a date? Do you have a special occasion to attend to<\/p>","button_label":"Learn More","button_link":""}},"1516620552823-2":{"type":"text_block","settings":{"enable_image":true,"image":"shopify:\/\/shop_images\/features-icon-3.png","title":"bringing you the latest fashion.","text":"<p>Are you looking for spring, summer or fall fashion? On a look out for a trendy club wear for the ladies night out, or a hot dress to wear on a date? Do you have a special occasion to attend to<\/p>","button_label":"Learn More","button_link":"#"}}},"block_order":["1516620552823-0","1516620552823-1","1516620552823-2"],"settings":{"title":"","align_text":"center"}},"1516621050843":{"type":"instagram","settings":{"title":"ON INSTAGRAM","insta-id":"#Prettydollrock"}},"event-section":{"type":"event-section","blocks":{"1516622622460":{"type":"text_block","settings":{"enable_image":true,"image":"shopify:\/\/shop_images\/event-icon-1_a54aceaa-6616-4f86-8904-711af16443f2.png","title":"For convenience of choice","text":"<p>We think about the convenience of your choice. Our products are supplied with star rating that should help hesitant buyers to take a decision. What&rsquo;s more, you can search our site if you know exactly what you are looking for or use a bunch of different filters that will considerably save your time and efforts.<\/p>"}},"1516622642540":{"type":"text_block","settings":{"enable_image":true,"image":"shopify:\/\/shop_images\/event-icon-2_9526c99b-0200-4812-b5c7-c819d23999bd.png","title":"Delivery products to all regions","text":"<p>We deliver our goods worldwide. No matter where you live, your order will be shipped in time and delivered right to your door or to any other location you have stated. The packages are handled with utmost care, so the ordered products will be handed to you safe and sound, just like you expect them to be.<\/p>"}},"1516622685373":{"type":"text_block","settings":{"enable_image":true,"image":"shopify:\/\/shop_images\/event-icon-3.png","title":"The highest quality of products","text":"<p>We guarantee the highest quality of the products we sell. Several decades of successful operation and millions of happy customers let us feel certain about that. Besides, all items we sell pass thorough quality control, so no characteristics mismatch can escape the eye of our professionals.<\/p>"}}},"block_order":["1516622622460","1516622642540","1516622685373"],"settings":{"title":"Store Events","align_text":"center"}},"about-image":{"type":"about-image","settings":{"about-1":"shopify:\/\/shop_images\/about-img.jpg"}},"map":{"type":"map","settings":{"heading":"contact information","address":"289 Golf Mill Center Niles, IL 60714","map_address":"289 Golf Mill Center Niles","button_text":"orders@Prettydollrock.com","contact_number":"(847) 759-0567","api_key":"AIzaSyDzD5IGVYw_N8zvZr5hYf5qkiApW8gTBa0","background_image":"","background_image_position":"center center"}},"blog-template":{"type":"blog-template","settings":{"layout":"list","blog_show_author":true,"blog_show_date":true,"title":"RECENT ARTICLES","blog":"latest-blog"}},"collection-template":{"type":"collection-template","settings":{"layout":"grid","grid":"4","rows":"2","show_collection_image":true,"show_vendor":false,"sort_enable":true,"tags_enable":true}},"best-seller":{"type":"best-seller","settings":{"title":"Best seller","collection":"best-seller"}},"product-template":{"type":"product-template","settings":{"image_size":"medium","show_quantity_selector":true,"show_variant_labels":true,"show_vendor":false,"enable_zoom":false,"show_share_buttons":false}},"related-products":{"type":"related-products","settings":{"show_related_products":true,"related_title":"you may also like","related_grid_num":"4","related_grid_row":"1"}}},"content_for_index":["1516609863272","featured-collections","1516619028734","1516620552823","1516621050843"]},"presets":{"Default":{"color_text":"#3d4246","color_body_text":"#788188","color_sale_text":"#7796A8","color_borders":"#e8e9eb","color_button":"#7796A8","color_button_text":"#fff","color_small_button":"#fff","color_small_button_text":"#3d4246","color_text_field":"#fff","color_text_field_text":"#000","color_image_overlay_text":"#fff","color_image_overlay":"#3d4246","image_overlay_opacity":25,"color_body_bg":"#fff","type_header_family":"Google_Work+Sans_600_sans","type_header_base_size":"26px","type_base_family":"Google_Work+Sans_400_sans","type_base_size":"16px","type_bold_product_titles":false,"share_facebook":true,"share_twitter":true,"share_pinterest":true,"sections":{"header":{"type":"header","settings":{}},"hero":{"type":"hero","settings":{"text_size":"large"}},"slideshow":{"type":"slideshow","blocks":{"slideshow-0":{"type":"image","settings":{}},"slideshow-1":{"type":"image","settings":{}}},"block_order":["slideshow-0","slideshow-1"],"settings":{}},"featured-collections":{"type":"collection","settings":{"collection":"frontpage"}},"feature-row":{"type":"feature-row","settings":{}},"footer":{"type":"footer","settings":{"footer_linklist_two":""}}},"content_for_index":["hero","featured-collections","feature-row","slideshow"]},"Light":{"color_text":"#162950","color_body_text":"#757575","color_sale_text":"#ff574f","color_borders":"#e4e4e4","color_button":"#ff574f","color_button_text":"#ffffff","color_small_button":"#eaeaea","color_small_button_text":"#162950","color_text_field":"#ffffff","color_text_field_text":"#162950","color_image_overlay_text":"#ffffff","color_image_overlay":"#3d3d3d","image_overlay_opacity":30,"color_body_bg":"#f8f8f8","type_header_family":"Google_Muli_600_sans","type_header_base_size":"26px","type_base_family":"Google_Muli_600_sans","type_base_size":"18px","type_bold_product_titles":true,"share_facebook":true,"share_twitter":true,"share_pinterest":true,"social_twitter_link":"","social_facebook_link":"","social_pinterest_link":"","social_instagram_link":"","social_tumblr_link":"","social_snapchat_link":"","social_youtube_link":"","social_vimeo_link":"","favicon":"","checkout_header_image":"","checkout_logo_image":"","checkout_logo_position":"left","checkout_logo_size":"small","checkout_body_background_image":"","checkout_body_background_color":"#ffffff","checkout_input_background_color_mode":"white","checkout_sidebar_background_image":"","checkout_sidebar_background_color":"#e8f3f6","checkout_heading_font":"Roboto","checkout_body_font":"Source Sans Pro","checkout_accent_color":"#1990c6","checkout_button_color":"#23314e","checkout_error_color":"#ff6d6d","sections":{"header":{"type":"header","settings":{"align_logo":"left","logo":"","logo_max_width":"135","main_linklist":"main-menu","message":true,"color_bg":"#162950","color_text":"#ffffff"}},"hero":{"type":"hero","settings":{"alignment":"center","hero_size":"x-large","text_size":"large"}},"slideshow":{"type":"slideshow","blocks":{"slideshow-0":{"type":"image","settings":{"image":"","alignment":"center"}},"1492095993817":{"type":"image","settings":{"image":"","alignment":"center"}}},"block_order":["slideshow-0","1492095993817"],"settings":{"autoplay":true,"autoplay_speed":"6000","slideshow_height":"medium","text_size":"medium"}},"featured-collections":{"type":"collection","settings":{"grid":3,"rows":1,"show_vendor":true,"show_view_all":true}},"footer":{"type":"footer","settings":{"footer_linklist":"main-menu","footer_linklist_two":"footer","footer_newsletter_enable":true,"show_payment_icons":true}},"product-template":{"type":"product-template","settings":{"image_size":"medium","show_quantity_selector":false,"show_variant_labels":true,"show_vendor":false,"enable_zoom":true,"show_share_buttons":true}},"collection-template":{"type":"collection-template","settings":{"layout":"grid","grid":"2","rows":"2","show_collection_image":true,"show_vendor":false,"sort_enable":true,"tags_enable":true}},"1492033809691":{"type":"map","settings":{}},"1492033877875":{"type":"quotes","blocks":{"1492033877875-0":{"type":"quote","settings":{}}},"block_order":["1492033877875-0"],"settings":{}},"1492033924902":{"type":"custom-content","blocks":{"1492033924902-0":{"type":"text","settings":{"width":"100%","alignment":"center","align_text":"center"}}},"block_order":["1492033924902-0"],"settings":{"title":""}},"1492096252560":{"type":"collection-list","blocks":{"1492096252560-0":{"type":"featured_collection","settings":{}},"1492096252560-1":{"type":"featured_collection","settings":{}},"1492096252560-2":{"type":"featured_collection","settings":{}}},"block_order":["1492096252560-0","1492096252560-1","1492096252560-2"],"settings":{"grid":3}},"blog-template":{"type":"blog-template","settings":{"layout":"grid","blog_show_author":true,"blog_show_date":false}},"article-template":{"type":"article-template","settings":{"blog_show_author":true,"blog_show_date":true,"show_share_buttons":true}},"cart-template":{"type":"cart-template","settings":{"cart_notes_enable":false}}},"content_for_index":["hero","featured-collections","slideshow","1492033924902","1492096252560","1492033877875","1492033809691"]}}}